angle,stiffness,camera
105,-6,115.17468625070846
129,47,124.08793773723559
128,48,123.91229158297065
98,47,111.09626309172742
55,-18,89.5872454888484
55,48,90.76558714706356
84,52,103.66966134437558
77,57,99.97577307098689
101,58,110.52477023387245
55,47,91.53414307711087
136,39,127.42600685890176
70,-6,98.61631997071852
136,-1,132.21067159161578
30,29,78.23337223542742
35,15,81.00940330096117
109,29,116.34587490579656
117,26,120.34532358718647
103,-8,115.07188762883726
103,-10,114.67335702272881
66,17,97.12225921453722
142,14,133.53940600923738
89,45,107.70954595659042
150,-16,139.80580897025638
122,22,124.0426776453597
59,41,94.57147171039416
58,35,94.1124476094807
126,28,124.66652957536486
80,-8,103.5784818059808
161,8,145.21202114255098
156,16,141.8667850677088
72,46,100.65616557566292
117,34,120.07304299301506
142,24,132.30429036337642
58,5,93.31129177603879
29,3,77.05527679405441
48,-3,87.05932760734142
45,12,86.81657425458832
47,24,87.5238471822951
16,11,nan
75,57,99.03378600901871
50,14,88.91459593301516
127,38,124.01282249036589
54,20,91.7381844182205
56,54,91.7381844182205
74,9,101.38634080357537
162,-14,145.61900878481927
50,28,89.58651915943499
110,-3,117.6329912426877
49,1,87.27941274581148
27,-8,74.31201829807243
74,26,100.49897590278432
132,26,126.96286491702791
130,0,127.95723542221756
135,15,137.50224456583763
118,34,121.36848833877036
155,-4,141.54539061259115
115,15,120.396069384869
97,50,111.24685595985098
126,-1,125.99613731844458
64,-16,94.48879387526425
127,40,123.98262509965082
105,-15,116.41892038291047
120,-15,123.98262509965082
64,13,95.68875799776939
134,-14,130.44796107837513
60,12,93.59203774417826
36,-17,79.40439836622399
157,22,142.2555676000718
111,-15,120.14449182812545
133,17,129.99158572064616
100,49,113.47345247154975
59,27,95.41563796222414
12,1,68.06965178396173
41,4,83.7830822335864
76,-4,102.74083553015717
121,8,124.08793773723559
113,-5,120.46808767754038
72,21,100.088621849631
155,-3,141.9357980207162
118,10,122.17227427225367
120,-8,123.79110008861616
86,34,107.15268526459813
120,57,120.14449182812545
89,16,109.03194116298461
95,52,109.22854355636323
148,-14,138.9704400326052
127,26,126.39763432162017
103,7,115.84925323044378
116,18,120.74508609790342
19,0,nan
51,12,89.33494160269143
116,-15,121.39858566559113
137,-18,132.63238082176676
80,0,103.48091469323703
54,34,91.22639613245833
40,1,82.39171515979413
140,10,132.63238082176676
18,4,nan
145,7,135.6095627171126
32,23,79.58057717878337
121,33,121.06861009094153
4,-3,69.69711632175665
72,36,98.61631997071852
69,16,98.78220845227517
77,4,102.59615889358608
162,5,145.36743122807573
122,-3,123.88427408910938
75,4,100.77753214529459
21,-1,nan
20,11,71.61216456311935
88,51,104.85806115953191
31,24,79.58057717878337
119,10,121.8089906835013
145,-13,136.7934628153875
147,31,135.4879955796934
30,-7,76.09767144200879
164,-14,149.31574536674893
62,13,94.5065246972162
38,-7,81.22234531917131
135,17,130.0028080845244
145,-11,136.9102188043897
85,16,106.42045656824995
131,-16,129.6698280871523
62,53,95.68875799776939
20,12,73.0272297374836
101,9,114.23610393016284
63,43,95.73629421340328
79,43,102.4975327234405
60,42,94.55406091285009
64,16,96.1896749354486
81,21,104.40180601317071
25,-13,73.11585277077343
103,-6,115.89678944607768
135,-1,131.67999726378292
96,45,111.86404268045263
41,36,85.22225910900205
82,28,104.56400970908474
115,2,120.14128224607684
125,25,124.10713496046625
145,-14,136.42784605605186
73,48,100.2949345616747
124,12,124.8141293711572
99,13,112.86598813583555
28,-7,75.01791736610784
17,-5,69.41267979470553
142,-7,135.04312964179854
65,11,96.46546702228373
88,19,107.25430475172068
145,11,134.968725014289
71,29,99.84820392025009
90,59,106.34236326722383
112,19,117.88857931688915
111,45,116.21122421067773
162,-13,146.20470618367045
118,39,120.95807073478016
72,16,101.18229946246574
96,-14,111.86404268045263
47,35,87.78389716526826
99,43,110.06448305397511
46,-12,85.44850175133067
141,34,131.42879740002283
20,6,72.13767372387363
148,12,136.3843326773018
82,22,104.88212926930741
37,36,81.94876308745171
107,50,113.09281109781742
164,-12,146.83115331853554
129,16,127.1748069951417
84,-18,104.44893102144621
134,42,127.18410071436483
126,2,125.85044790259465
111,59,117.30939938978752
93,9,110.58253425122054
114,-4,119.89008238231673
71,27,99.31065941325924
78,10,102.98085389393523
47,28,87.78389716526826
126,-17,126.17894916777192
47,3,86.12044682578407
154,-8,86.37164668954416
105,-3,115.5708641215712
107,-16,116.60226427826218
43,26,84.50724997626719
173,7,150.24824417198354
10,6,68.15135490491487
54,33,90.35767482005245
161,-7,144.75677993768127
60,-9,92.13703436718524
8,-2,67.707800300571
167,-4,149.52042162840746
33,20,79.37691353065718
12,8,nan
54,21,90.56192349893738
144,5,133.73849398440743
38,37,82.41420300946203
57,50,90.82076829337966
129,42,123.55758128549614
43,31,85.20856506405478
114,14,118.65232804091158
153,23,137.08134562373957
103,58,112.86598813583555
114,44,117.62962982656173
94,0,110.48004410544675
134,29,128.15660363449072
168,-8,148.9066152286632
49,-11,86.12044682578407
110,-5,118.59450440703166
62,20,94.30286104909001
114,-5,120.31282515726474
105,14,115.17468625070846
63,-6,94.75811516650346
137,39,128.48210157291172
70,-3,98.57854480414899
82,-14,103.85370078165204
106,7,116.35313759675351
12,-11,68.59684307444695
20,-9,nan
141,15,133.08416480436767
54,4,91.02273248433211
79,14,103.71513357406624
98,27,111.82927758321298
144,-8,135.73250167519342
122,-19,124.56292950739712
95,-18,110.58253425122054
49,38,88.45935472814544
47,0,86.3613330497186
138,21,130.77504157081034
65,35,97.11814181782759
85,59,104.15060614941062
68,-16,95.9384750716885
17,11,nan
48,-19,85.65899430275299
56,52,89.63772606631417
94,52,106.94902161647192
115,35,117.17775003781797
83,14,104.88212926930741
42,11,84.50724997626719
59,-5,93.12132421174445
35,18,80.79859653257506
133,-11,130.12077385616897
82,-13,103.99084270126933
23,0,71.50746048269849
11,-8,66.69166847481118
121,48,119.94082817999924
82,-9,104.15060614941062
126,37,123.19918080743354
47,0,86.6040864024717
109,44,114.85493965304664
133,28,127.18410071436483
170,5,148.709775322935
129,18,126.52077399411986
66,23,97.56759171151272
150,1,138.0049662853715
96,0,111.61284281669253
158,17,141.41154386283907
101,-7,113.4985656759521
114,-5,120.26442402941419
143,21,133.08416480436767
173,-6,152.87409876248373
95,-4,110.79161475498125
172,-6,153.17383705207055
122,21,123.91229158297065
73,-4,100.20092437079319
81,16,104.31280984532465
93,-6,110.16959214305908
52,21,89.3835818407222
157,5,141.0901494077214
91,28,108.82827751485844
64,56,95.30407754806836
38,32,84.04334948805662
133,-15,129.79914443639822
128,50,125.86733768677078
29,-18,75.48573370633156
66,55,93.84626326322484
18,9,nan
89,57,104.31280984532465
129,24,124.53860326914915
35,1,80.09007077200864
102,-8,114.13499089930839
121,-9,123.5273838947811
111,56,116.92272599713043
158,-5,143.3224435369275
69,-14,96.39031927425145
69,9,97.67828086625288
115,23,119.29536383179023
6,-2,nan
164,15,146.20470618367045
128,48,145.25696848025504
151,-6,140.05686684222127
161,5,145.38539179366737
19,11,nan
113,14,118.91746336702298
97,16,112.23737627984943
68,21,98.12931539988635
118,45,119.34906182873279
154,12,138.64923500279164
59,58,93.57806343253111
64,1,95.9384750716885
115,30,119.99100448473733
48,8,88.21008939175394
40,32,84.04334948805662
140,23,130.77504157081034
48,-19,85.8814146897995
129,29,126.53377507842431
94,57,109.75367952663008
123,-3,125.21466695912993
136,-1,131.77232017092214
38,5,81.26143502379821
132,-9,129.4661644390261
101,59,113.26978882342355
167,13,146.83115331853554
106,39,115.96367917804075
93,-15,109.55209239299124
17,12,nan
90,55,104.31280984532465
65,-12,95.03022631802722
124,27,123.19918080743354
143,11,133.41147970302168
119,-18,122.9387557556916
24,13,73.31990702442681
22,14,72.31869052544843
75,19,100.77753214529459
42,3,83.1155180972496
124,50,121.238435396215
104,-14,115.25193216622435
15,-15,67.99219008925826
40,35,81.94876308745171
117,43,118.27220030813017
31,7,78.2391862327946
132,-12,129.78792207252
51,32,89.3835818407222
30,5,77.52253258133099
38,1,81.04116823955822
75,10,101.06817956475211
78,-5,102.24633285968042
45,-14,84.27343675818918
127,-6,127.50943136417953
66,40,96.94540634315473
154,-9,141.41154386283907
95,2,111.10429162330875
77,-15,101.22068678371525
112,59,115.6455895823176
100,27,112.55117932844644
44,18,85.43471656184889
137,-14,132.40810111438688
111,-1,119.29536383179023
114,59,117.9505694151211
87,0,108.10234644510938
89,46,107.37452390153325
55,20,92.20430922415089
53,45,91.28294321335078
103,-12,115.32832400935314
114,57,120.93052668906253
89,4,108.40863819588125
98,51,110.48004410544675
177,-2,154.047647683662
88,31,107.79728771355298
60,49,94.11623050552444
128,32,124.21128837049511
118,15,121.238435396215
63,56,95.48509434964319
65,19,96.94540634315473
114,46,117.56590123129554
130,7,127.1748069951417
65,55,96.6670180096675
57,2,92.20430922415089
97,27,111.82927758321298
106,-3,116.2825763276069
97,-18,111.92459291281436
164,8,146.83115331853554
43,5,84.04334948805662
94,-15,110.16959214305908
125,52,121.85042101050983
51,11,90.30490934929767
78,33,102.0986636518203
76,-14,100.64305279499992
112,-12,119.94082817999924
41,25,84.04334948805662
57,27,91.74414235093047
151,0,138.32740424172658
31,5,77.52253258133099
28,-9,73.85677709320271
67,45,94.84673819979331
28,8,76.14016255349641
52,4,89.13127795456525
82,13,104.15060614941062
56,3,90.56192349893738
10,-5,68.15135490491487
37,-16,81.50232124773272
41,16,84.50724997626719
104,-1,116.35313759675351
75,45,102.39249524545988
66,24,98.41265632259235
68,11,98.86260402934937
86,27,107.37452390153325
81,28,105.3128183608063
105,24,115.49530098765113
23,-7,73.31990702442681
103,30,114.53607750754902
24,-19,74.76671750234776
109,49,115.96367917804075
140,30,130.77504157081034
138,-2,132.73409692726887
104,51,114.53607750754902
83,1,106.76796636127004
82,11,105.48326296869806
164,8,146.83115331853554
95,6,111.20375358865115
62,44,95.30407754806836
145,-2,136.98758113520395
110,54,117.9505694151211
122,15,124.23746277685756
72,-17,98.86260402934937
76,58,100.48844639825859
105,56,112.45900049356729
105,-12,116.21122421067773
155,7,141.73213437258997
13,13,69.77514056883193
76,4,102.24633285968041
12,0,68.27501201311811
126,-16,127.82926687353422
126,31,126.17894916777192
88,39,109.0794773786185
97,56,111.10429162330875
109,-19,118.97353307072517
88,7,108.71615284485358
46,41,87.7486092015825
15,14,nan
67,26,97.39737524464731
91,42,107.25430475172068
152,-17,139.99313824695508
54,45,91.4826055200204
100,3,113.98490406640275
111,26,117.17775003781797
45,-6,85.43471656184889
68,-1,98.74280121489595
98,-6,98.12931539988635
163,0,146.83115331853554
80,46,103.71513357406624
120,41,120.91324713390064
134,-14,131.10199407939692
120,3,123.91229158297065
102,52,114.13499089930839
102,52,113.81630490758242
62,0,95.48509434964319
34,-16,79.66009877033672
55,27,91.08145268213183
70,38,98.57854480414899
73,39,99.02592499906984
155,-15,142.97149206859635
62,-4,94.30286104909001
62,-3,94.57392125990086
38,12,81.72460676118764
109,-2,117.88857931688915
119,14,121.89026639832339
81,-16,104.42107697429047
59,-17,92.59254677114387
125,32,124.53860326914915
56,2,93.12132421174445
13,13,nan
90,0,109.44403648898216
106,53,113.90107027553506
113,-12,120.63518693831286
47,-11,85.19730188757059
93,25,109.86027098407155
5,-3,68.56330852401766
110,49,115.82206398533128
58,-18,89.59086986191431
112,46,116.85479979360927
111,41,116.92272599713043
125,40,123.5273838947811
68,30,99.31065941325924
128,13,126.52077399411986
66,0,98.01532199027243
155,13,141.02050379525465
167,0,149.53256178753747
14,4,69.04422326936783
94,6,111.61284281669253
119,32,121.238435396215
47,6,87.53269730150816
113,32,118.65232804091158
71,-17,98.74280121489595
176,3,155.6276350775965
99,-4,114.69632936748701
107,10,117.88857931688915
43,8,85.19730188757059
83,39,104.44893102144621
23,18,74.69352128296262
90,25,108.71615284485358
17,12,nan
114,0,120.21547259983743
109,50,116.67113607648018
96,19,111.92459291281436
128,-10,127.50199421734784
70,8,98.57854480414899
48,6,87.06860597742536
132,37,126.52077399411986
67,7,97.84762750468488
94,-18,110.89259944360123
38,-3,80.58037413639019
152,4,140.24433811071518
72,-18,98.57854480414899
65,-8,38.811384036758405
96,38,109.86027098407155
117,-2,121.238435396215
84,-13,106.16656448249402
155,-4,142.44808182280835
108,47,117.30939938978752
19,2,nan
84,-2,106.64503821467594
112,54,115.74206614047623
117,-1,121.92966040612147
102,58,113.1817884469778
34,24,81.72460676118764
91,-18,108.71615284485358
68,58,98.12931539988635
164,1,147.14272396807007
20,-17,nan
75,53,98.41265632259235
12,-8,69.04422326936783
19,-7,nan
158,16,143.3224435369275
62,22,96.21426715852364
38,-15,80.82275158152895
6,2,68.59684307444695
95,0,112.64235234914878
91,-17,110.16959214305908
18,-9,69.16147993094543
48,47,85.91518098360947
103,-13,115.25193216622435
109,9,117.88857931688915
128,-5,127.82926687353422
70,17,99.14829537449431
88,-8,108.10234644510938
45,14,86.3613330497186
126,23,124.53860326914915
108,19,116.92272599713043
155,-1,141.0901494077214
71,40,99.31065941325924
89,42,106.94902161647192
116,-2,120.867912226168
23,14,73.96556166890582
68,53,95.30407754806836
105,37,113.1817884469778
4,-4,68.76016404416742
102,41,113.1817884469778
70,36,100.04373469791462
41,11,85.43471656184889
123,1,125.23504966176105
121,47,122.57963843171827
35,25,83.3455749539934
132,21,128.15660363449072
128,-4,127.18410071436483
109,-14,118.91746336702298
115,12,121.28145725907082
79,39,103.85370078165204
114,57,117.17775003781797
61,-14,93.12132421174445
96,9,112.23737627984943
127,2,127.1748069951417
39,-7,81.50232124773272
120,48,120.63518693831286
67,-5,97.84762750468488
109,1,118.65232804091158
116,53,119.2410586022472
70,22,99.75677993768126
68,5,98.57854480414899
120,39,121.238435396215
44,-17,84.7354293895311
52,33,90.10023549218582
44,31,86.82417154094173
51,-9,88.67099846773081
54,14,91.4826055200204
103,4,115.6455895823176
118,3,122.54390263190912
120,52,121.238435396215
105,58,114.53607750754902
102,51,113.90107027553506
76,-9,102.39249524545988
149,-11,140.05686684222127
140,-4,134.9211887986551
97,2,113.35682782163389
40,11,84.50724997626719
102,0,114.45460808330189
85,25,107.15268526459813
116,-17,121.92966040612147
145,24,134.751421289059
42,2,84.50724997626719
61,39,94.57392125990086
111,26,117.62962982656173
63,33,96.21426715852364
125,4,125.54089611357483
15,10,nan
58,-13,92.85605057116905
117,34,120.63518693831286
96,53,111.71964763203223
135,12,130.77504157081034
98,-17,112.86598813583555
104,0,116.60226427826218
126,10,126.52077399411986
35,-18,78.7419639041459
151,9,140.51703233185552
25,-7,74.3111427214211
129,-7,129.14066650060508
82,-5,105.74097178693376
26,-12,74.50144386177237
111,-17,120.14449182812545
16,13,nan
53,51,88.71047649054618
89,34,106.64503821467594
35,22,81.26143502379821
137,8,131.10199407939692
109,-19,118.65232804091158
79,15,104.15060614941062
23,10,74.23439397746475
32,4,78.95176960578598
116,-10,121.92966040612147
114,-13,121.28145725907082
173,3,154.40797024102753
165,-5,149.41779352576174
116,21,121.48512090719704
173,6,152.47407176634619
70,-18,97.56759171151272
47,-5,85.65899430275299
92,13,110.2681467021013
169,-9,152.2136381985328
50,27,89.8446370429591
69,-12,98.29611759708138
63,35,98.74280121489595
89,56,95.75993728717691
163,17,105.68692661682424
134,14,129.99158572064616
68,59,98.38051526364643
81,-12,104.58363871880425
20,3,70.78218922881466
88,46,105.91412091521185
34,24,81.26143502379821
96,46,109.64770013710837
63,21,95.48509434964319
23,13,74.50144386177237
74,16,101.66170233897523
10,4,67.86598813583555
30,-16,77.31785872421915
81,47,102.68593379496174
79,0,103.12324060111108
66,43,97.84762750468488
90,31,108.91981649297978
105,-11,108.07239713489632
20,-11,117.51306303791368
117,49,119.54656369555033
77,10,103.52845090887092
53,1,90.56192349893738
110,9,119.17719671885136
126,50,124.08793773723559
73,-11,100.93109959870564
98,0,114.10473392366126
104,27,115.7745277696974
138,23,131.63246104814905
47,0,87.53269730150816
125,42,123.76124493362232
97,1,113.06965178396175
70,-4,99.31065941325924
107,-16,117.51306303791368
108,-13,118.09224296501534
76,13,103.12324060111108
118,6,122.81863425578028
90,0,108.91981649297978
62,-11,94.48773971945421
37,9,82.39171515979413
118,8,122.7833020798445
139,-11,133.94215763253362
135,-11,131.97598381904834
160,-7,146.31044773773698
63,2,95.46317417785804
119,48,120.09374603044294
100,36,113.38545209510399
90,-2,113.15924636224601
110,0,119.61780178814533
99,-1,113.7022293240783
122,-9,125.21466695912993
7,-2,67.80237919220653
125,-3,126.72443764224607
170,-4,152.7766171574489
84,-10,106.64503821467594
40,40,84.50724997626719
75,-3,101.22068678371525
167,-5,150.57212696992232
139,36,133.58896894478545
58,-11,92.20430922415089
138,-18,133.94215763253362
64,-16,93.96965462844028
87,14,108.00095136167917
32,-12,76.14597213309409
61,53,92.66338813614783
25,5,75.40503242335261
74,-3,100.77753214529459
124,-7,125.70683415101257
33,-11,78.95176960578598
102,29,114.50398818471552
72,1,100.20092437079319
114,35,119.1211270151492
26,-1,74.70510750989855
102,-12,115.84925323044378
45,-14,84.50166123462348
91,-18,110.8337341149806
60,39,95.5956668671127
91,37,109.02487990823705
179,0,154.78577799918972
102,0,115.71949097241156
93,11,111.81650646481874
128,24,126.39763432162017
83,3,106.84870186280213
60,9,94.48773971945421
156,-7,143.5261071850537
68,39,99.02592499906984
84,52,105.38566995422777
119,38,120.41913624796362
80,-14,104.62474062241667
55,25,92.4079728722771
36,-14,81.04116823955822
51,19,90.0958369067192
112,48,117.12638964525662
53,7,91.02273248433211
90,-4,109.69523635274226
81,56,104.35426979753682
89,-5,109.03194116298461
70,52,99.56185927701934
64,-7,96.39031927425145
36,13,81.92827040931384
80,12,104.65259466957241
108,16,117.76956487942172
67,43,97.67828086625288
97,-12,113.06965178396175
100,56,111.93657603001081
81,37,105.38566995422777
69,47,99.51432306138543
58,23,94.48773971945421
97,45,111.09626309172742
132,28,127.3784706432679
142,-7,135.53484943654158
145,0,136.54497446257216
109,40,117.38141368594417
125,10,126.05411155072085
52,7,90.56192349893738
51,-18,87.9626693031801
14,-3,68.6387964360584
128,48,125.41833060725612
110,44,118.15423306324729
82,44,105.81645717123641
73,9,102.15692602278028
122,25,124.4149520186213
134,24,129.6698280871523
174,0,154.2513113317882
92,-5,110.99527840310745
83,-16,106.2446687761224
149,12,138.90896835462001
127,-14,129.3405883835439
94,38,112.34728464525762
156,-9,144.6446432746652
44,7,144.6446432746652
57,-6,85.63838020997505
49,15,92.39931963323444
79,-7,89.13127795456525
92,-3,110.99527840310745
36,20,81.46509867192442
112,-8,120.04242106998821
66,34,98.33297904801255
1,-1,68.59684307444695
112,16,120.5885701461835
105,-10,117.83329347468793
115,-3,122.49524593322761
132,24,129.34244857572898
116,-13,123.43489434368881
101,2,115.84925323044378
47,46,89.8446370429591
132,-13,89.12546524591582
111,45,120.19466813286353
56,22,94.23721631852072
123,39,123.46658139116653
159,-9,144.55664289821948
29,25,77.98179467868388
71,49,98.57854480414899
138,10,130.97870521893654
48,22,88.19996381000301
79,58,101.56404991395236
21,8,73.06831655513955
107,17,117.19355934427735
13,0,69.53031412456163
71,22,68.59684307444695
177,-2,155.72900914347113
90,58,108.71615284485358
69,53,98.78220845227517
91,30,109.33922908683179
62,11,96.59398292237766
69,9,96.59398292237766
102,29,99.67507681672814
124,19,125.41833060725612
145,24,134.9211887986551
150,27,134.5952010260804
79,-17,137.19124478333015
146,28,104.19450634939552
161,14,135.89677131552156
130,24,128.68764679404023
17,-13,nan
73,14,100.98119579342078
96,29,111.71964763203223
169,-10,151.43119516422823
118,49,122.7833020798445
79,3,122.49524593322761
58,21,94.69140336758039
73,10,101.66170233897523
79,-5,104.44893102144621
56,56,93.59203774417826
132,4,128.61184483936043
141,7,134.2990478268619
123,3,125.74455976170104
108,35,117.38141368594417
110,53,117.76956487942172
23,-8,72.70511521086438
77,-6,104.05736442977823
91,13,110.68370775357293
110,24,119.17719671885136
61,36,96.41793080664984
66,22,98.78220845227517
100,1,114.73974115567523
80,5,105.5164820089325
54,19,92.60298328136064
71,51,98.61631997071852
101,46,112.75484297657263
112,19,112.75484297657263
13,-1,69.36514357907163
134,-12,132.63238082176676
105,31,117.12638964525662
88,15,109.95734317475628
63,16,97.32180546595377
91,-16,110.37325579118526
75,25,102.88959744308791
88,17,109.03194116298461
171,6,151.43119516422823
60,4,94.5065246972162
108,7,118.47586395625638
139,2,134.23899528115302
120,9,124.11595523109685
96,-16,113.15924636224601
48,3,88.19996381000301
138,29,131.63246104814905
72,20,100.98119579342078
172,-4,153.51362187631835
57,2,92.79621041927007
146,-8,138.20862993349766
124,27,125.74455976170104
138,36,131.63246104814905
164,-14,148.1805042020755
99,10,114.8999930156132
99,-1,114.33865454743457
122,8,125.74455976170104
28,23,78.4428498809208
40,5,84.93909303765729
129,50,125.09233479437411
23,-15,73.1555444495626
30,12,78.23556185972869
155,6,141.61520751096526
110,17,119.49902747991642
136,-6,132.63238082176676
139,-6,134.23899528115302
43,34,86.34286277392575
51,0,89.5872454888484
95,0,112.34728464525762
82,45,104.95233295915926
93,-1,110.99527840310745
53,24,90.96800515305851
2,2,68.6781363471487
117,3,123.1089065711141
33,21,81.00226018070124
7,3,68.80050672257315
101,5,115.05860330117284
141,13,133.94215763253362
90,59,109.22854355636323
117,31,121.48512090719704
53,-7,90.96800515305851
58,48,92.86705178427403
56,-14,91.48660686147697
132,4,130.66102518244864
14,-8,68.6387964360584
75,51,100.40458801891937
156,-1,142.2555676000718
98,7,113.06965178396175
78,18,104.05884535216362
94,51,109.17139404972332
91,49,108.18033876004483
82,35,105.68263101608066
51,35,91.06254820891647
64,-17,95.48546752289695
62,29,96.16501291448147
145,-6,136.92847076603096
84,-3,106.59356313098394
67,9,98.58455660475607
86,43,105.98388767867715
98,33,112.08047744697308
94,49,110.00487939039014
11,-3,69.57785034019551
74,50,100.65616557566292
95,1,111.5595328281785
101,9,114.67335702272881
104,46,113.95380688082183
58,43,94.48879387526425
116,35,120.44624568960708
20,5,72.3888735876337
51,0,90.29987824782884
140,25,132.88395837851027
78,44,104.17037477893597
94,16,111.76718384766612
138,8,132.02352003468226
47,-18,86.7961194464659
49,18,89.58651915943499
167,-4,150.57212696992232
81,-14,104.53774101452815
88,37,108.04848757731305
107,46,115.82206398533128
162,-8,147.91574266493762
61,-3,94.69140336758039
81,0,105.86399338687029
130,46,126.44517053725407
98,20,113.74976553971217
21,17,74.02770467405205
32,13,80.80536195985152
113,50,118.13977918064924
62,33,96.9182178734276
69,-13,98.54731746084147
149,-7,140.30806670598133
178,1,155.92450174492117
63,1,96.3665074545784
93,58,107.93091391382585
129,-9,129.0625839005185
128,9,128.411523520289
130,-2,129.71364428074799
113,20,120.51562389317428
84,18,107.20022148023202
59,54,95.28142618178732
70,38,99.84820392025009
117,45,120.51562389317428
51,35,91.2739323480922
135,29,129.38998479136288
117,34,121.57519570337485
136,-12,132.67991703740066
67,-11,97.54040665375982
53,51,91.2739323480922
108,1,118.20176927888117
63,-2,96.09317999705637
139,36,131.35319394315704
150,-19,137.88296345253954
146,29,136.26864090190176
45,2,86.37164668954416
115,42,119.54656369555033
73,55,101.18229946246574
112,33,119.22473293448526
153,-13,141.66274372659916
91,5,110.52477023387245
84,-4,106.89623807843603
96,0,112.48857614360949
42,30,85.91019416651308
62,33,95.55527741182846
166,-9,149.4653297413956
158,19,143.01902828423022
113,36,120.88638680207293
107,38,118.64187150372399
119,-18,123.51411760680043
106,48,117.24109555991126
146,2,137.65849533743946
73,-17,100.32278860883046
126,21,126.43014903153198
48,-4,87.75396988696976
97,-16,112.80237919220653
84,48,106.29220499175628
64,39,98.09882736844497
129,-16,129.3881245991778
51,47,91.2739323480922
128,26,125.79209597733495
167,11,147.08235318229563
104,-12,116.6043374605136
120,45,122.50563740235509
65,34,98.54731746084147
15,-12,nan
152,25,139.92339852215582
87,21,109.80329225675132
120,10,124.13547395286948
85,25,108.35354630886947
149,29,137.33254548749966
139,8,133.63650516041935
167,3,150.00523445050678
22,17,74.1079769569628
162,-12,147.08235318229563
70,41,100.89425265876
93,-5,111.04281461874135
106,-8,117.94384909113307
35,-9,78.993163767906
37,23,82.43925137542803
84,53,103.52845090887092
91,-1,109.38676530246569
122,5,124.8141293711572
146,-7,137.6095439078627
155,7,141.66274372659916
140,34,132.67991703740066
65,1,97.81879157527281
23,16,75.01791736610784
106,-4,116.85346414202225
16,7,nan
128,23,126.44517053725407
109,3,118.52340017189026
122,-9,125.13987101000802
169,4,150.92494632080496
86,24,108.65983805964134
33,8,80.12535873569439
132,36,127.41660640295444
73,0,101.62285595231918
92,59,108.35354630886947
80,-7,104.83483858256432
116,-10,122.86617047141416
54,38,92.65051949699452
66,0,97.36934168158766
125,-18,126.43014903153198
111,7,120.19202804375936
104,12,117.24109555991126
23,-4,73.20308066519648
68,22,98.66385618635242
80,12,104.40180601317071
109,37,116.6043374605136
53,6,91.01554136869241
145,0,136.3098527940062
56,18,92.45550908791098
122,-16,125.11739767148093
137,28,131.35319394315704
138,26,131.67999726378292
91,8,110.8337341149806
56,36,93.82926329629119
117,4,122.18086026988155
160,-5,145.6365916574275
166,11,147.91574266493762
77,41,103.66966134437558
128,22,126.43014903153198
111,-7,119.92094367699359
69,10,98.82974466790905
73,31,101.18229946246574
131,25,127.41660640295444
69,-3,98.71248800633144
54,9,91.931659452309
55,44,92.38823423094532
82,30,104.40180601317071
83,7,105.86399338687029
78,-1,103.37444046487114
62,59,95.94033555451291
125,38,123.51411760680043
98,58,112.27007477953379
41,-19,83.60053117908771
114,47,118.84570427079173
87,20,109.496267646914
71,34,101.91290220273532
29,4,78.02933089431778
122,47,122.18086026988155
100,-17,114.55152440034944
89,57,109.38676530246569
90,-10,109.0794773786185
102,39,114.55152440034944
20,-14,72.2095797327745
73,48,98.66385618635242
48,38,88.92219833149089
119,56,118.78722573564035
65,36,97.85261644951703
106,16,116.53377619136697
148,0,137.6095439078627
139,-16,133.28698711760234
57,-15,nan
55,54,92.45550908791098
100,57,110.31568291773519
145,-13,136.67904591981195
42,40,86.61253291347866
70,23,99.11380389310946
88,-7,108.35354630886947
25,-4,73.84041526688236
68,55,96.66950836339336
126,52,121.8153150070308
70,35,100.21202114255098
61,47,96.11962940937212
73,6,101.67592798858497
108,50,114.78727737130913
94,2,111.04281461874135
134,16,129.7173643027862
59,54,95.02916246477061
74,39,101.52342076962186
114,15,119.76893493932135
95,27,110.99527840310745
69,10,100.21202114255098
98,10,113.15924636224601
163,-15,144.6446432746652
139,21,133.1893381321386
79,-10,103.76188429031072
148,17,137.28500927186576
152,-9,140.32498015890482
38,-15,81.48555348004683
134,-19,132.21067159161578
104,-2,117.44513690102089
40,40,86.57568803065382
76,45,101.81562747069589
37,28,83.7830822335864
23,0,73.3386920021888
103,20,114.73974115567523
71,0,100.49897590278432
132,20,128.36026728261692
6,-5,68.6387964360584
131,47,126.6492118783637
42,11,85.8626579508792
118,53,119.49902747991642
84,25,107.22320756613978
115,15,120.79223379430971
74,43,102.11694354384497
37,23,83.7830822335864
83,10,106.11778456333802
69,-7,98.78220845227517
91,17,109.75575604111742
46,4,87.49763514199635
151,-7,140.2605304903475
99,3,114.18856771452893
124,1,126.07100133489698
78,-15,103.4678347451033
130,42,126.07100133489698
111,35,118.34382052175889
158,-4,144.01012681406058
13,3,69.08363050674704
105,32,114.73974115567523
49,17,89.5872454888484
133,5,128.6838618964692
97,19,113.24786514240891
88,11,108.61230184400745
90,13,109.86265790548084
61,-3,94.69140336758039
54,13,92.3967275957841
87,-18,108.00095136167917
30,16,77.98179467868388
81,27,104.05736442977823
68,29,97.88194451437907
52,-8,89.54258783654076
44,34,87.27941274581148
49,12,88.87466211585699
75,23,101.81562747069589
135,5,130.32443750429516
42,-9,83.55299496345383
111,18,118.73968952000645
105,-19,116.92233594024026
95,35,112.84601599727496
125,0,127.062538635485
59,15,94.5065246972162
124,3,125.9773825631363
44,16,86.81657425458832
159,-6,144.57944360243445
148,11,137.5365868286093
20,2,nan
82,57,103.14117499983146
45,-18,85.8626579508792
42,30,86.57568803065382
69,45,97.85261644951703
60,29,95.2133563713732
66,21,98.02283291638244
118,28,120.74508609790342
141,32,132.86334231925662
137,12,131.88403860489257
29,17,78.69515376707774
147,-17,137.93634933932626
106,12,118.21553181515314
173,-2,153.95197501879633
19,-15,70.98585287694084
73,46,99.76590061812897
134,17,128.6857652210379
51,4,90.29987824782884
58,12,94.04992691135104
156,8,141.9357980207162
115,10,121.8089906835013
30,2,77.52152237234533
25,14,75.8849453307286
76,47,100.78751743063165
101,55,110.83167641870612
148,30,134.5952010260804
34,-16,80.56766083301939
9,7,69.57785034019551
161,9,145.71220968512478
166,3,148.8536191050516
104,0,116.80592792638834
79,54,104.90417222631596
114,51,118.78700825386593
19,18,73.79287905124848
84,43,104.95233295915926
92,-4,110.51972425884485
101,30,114.10473392366126
141,21,132.30429036337642
123,-2,125.99613731844458
143,-12,136.83957388217152
65,17,98.02283291638244
51,35,91.27600949824938
116,-5,121.7677787913969
73,39,101.67592798858497
56,-2,92.59227557205497
140,35,131.31880800948483
35,8,81.92827040931384
112,17,119.1211270151492
59,19,95.2133563713732
22,-6,72.88585839527342
84,30,105.81645717123641
74,-17,100.40458801891937
88,51,106.84870186280213
71,-11,99.51432306138543
54,-5,90.7601505541674
51,1,90.0483006910853
83,37,105.08579291743362
100,8,113.78861990557448
153,-17,140.19680189508128
148,26,137.88560354164375
132,-16,131.53137978985157
50,10,89.12546524591582
168,-8,150.87741010517107
124,54,125.32143901259057
148,14,137.5365868286093
82,-2,105.81645717123641
70,42,100.49897590278432
25,21,nan
159,14,143.5261071850537
156,10,141.79543295077966
66,35,98.58455660475607
16,-13,nan
88,3,108.91981649297978
79,58,104.17037477893597
57,32,94.96177881462965
126,31,125.01817071226684
97,27,125.11739767148093
54,32,113.06965178396175
34,33,82.61786665758821
99,58,110.99527840310745
104,14,115.7745277696974
58,54,95.02916246477061
76,-3,103.32690424923726
157,23,142.1873755774597
154,13,141.4757450001244
68,40,99.76590061812897
49,16,90.29987824782884
63,8,97.12225921453722
53,17,92.85456083810416
61,22,96.66950836339336
90,5,110.06393463219776
34,21,81.46509867192442
127,36,124.9938444740189
81,6,105.81645717123641
115,55,118.28112746266058
120,6,123.43489434368881
48,25,89.37704280265935
101,48,112.34728464525762
65,-16,96.11962940937212
112,30,119.10756924578133
137,10,131.88403860489257
63,46,97.40064754802445
31,28,81.00226018070124
50,-9,88.87466211585699
76,-13,102.9924130869007
99,48,112.12825656094056
69,-2,99.19804241976567
106,8,117.51306303791368
21,-7,72.16204351714059
36,1,81.70598489585892
53,18,91.67811810080701
104,11,115.7745277696974
68,43,99.48116620393957
66,6,98.3028687095546
52,46,91.93784672489014
98,14,113.15924636224601
121,-5,124.74226691727536
57,8,92.85456083810416
54,1,91.42654054406346
101,19,114.73974115567523
31,-10,77.57344758554956
123,27,124.08793773723559
115,50,120.34532358718647
73,46,102.11694354384497
116,-17,123.17555537336716
135,42,130.5760150610387
104,58,116.41892038291047
97,46,113.87406384980768
136,41,129.92516841919172
160,-5,146.83393659940737
152,-14,142.358518305975
84,-1,106.42045656824995
144,35,133.86672090789142
9,-7,69.78189168130515
160,17,144.57944360243445
138,21,133.53940600923738
64,59,98.3028687095546
137,-3,133.53940600923738
155,-10,144.17693900285147
152,-2,142.43241969606893
91,-4,110.7861978993467
133,-17,131.55723528426668
135,34,130.91260273919218
50,-10,88.87727456028873
109,43,117.0575054831319
56,0,93.31129177603879
112,16,120.07304299301506
68,16,99.03378600901871
38,36,84.96249118113693
157,3,142.1873755774597
17,-3,nan
114,31,120.396069384869
179,0,155.87316934698893
114,58,120.46808767754038
96,-14,112.34728464525762
25,25,76.3438262016226
10,-5,68.19585373738445
23,3,74.06044074132889
156,1,143.85989346052745
124,51,125.64929210474598
125,-19,126.72443764224607
78,4,103.87370268548521
157,-3,145.12242656426673
28,25,77.98179467868388
26,-5,74.97038115047395
144,29,134.6272509142095
91,12,110.68370775357293
16,-6,70.98585287694084
95,-6,113.0975935540185
98,56,112.22253856389989
147,27,136.4726822430114
149,29,136.55557756523828
111,20,120.19466813286353
120,33,123.74948926264008
37,-11,81.70598489585892
75,46,100.94368760312831
72,36,100.65616557566292
126,37,124.38847697551307
134,14,129.34433014873127
71,14,100.69211004638478
148,-5,138.58537311939583
32,-18,78.23556185972869
121,57,121.44209904434119
135,10,131.63246104814905
72,54,101.52342076962186
32,9,81.00226018070124
133,-14,131.94239567662547
41,15,84.7109136243934
18,5,nan
52,4,90.0483006910853
50,21,89.5872454888484
54,38,91.8841232366751
47,-19,86.78526348208477
11,11,70.60094518875131
56,-4,93.05971421929523
82,-15,105.81645717123641
139,14,134.56351397860266
160,-18,147.65683957858394
150,-13,142.81453308090397
133,11,132.21067159161578
69,44,101.67592798858497
116,32,121.8089906835013
67,-7,98.7513588019511
114,9,121.7677787913969
148,12,139.48350487135488
79,41,106.06803472797993
158,6,144.57944360243445
139,-13,135.53484943654158
123,9,126.72443764224607
86,-4,108.18982964251934
83,55,106.11778456333802
78,2,105.03887992367396
23,-10,73.3386920021888
63,-8,96.59398292237766
87,-8,108.72584714711479
88,4,109.75575604111742
56,7,93.32498785987062
70,4,100.40458801891937
79,26,104.21691523144688
75,48,102.15692602278028
86,38,106.84870186280213
19,10,72.61445740754505
57,-8,93.32498785987062
86,16,107.88337769819195
48,15,89.12546524591582
63,13,96.41793080664984
147,0,138.26116043044786
111,-14,120.46808767754038
88,26,110.06393463219776
121,-17,126.33927724988727
53,10,91.42654054406346
98,50,111.14476499372678
18,-1,nan
89,17,109.22854355636323
156,-1,143.84152765524024
129,15,128.93922435078375
98,-18,114.18856771452893
104,30,116.41892038291047
42,15,86.3534025171989
77,3,103.87370268548521
94,38,110.7861978993467
156,22,140.2605304903475
108,16,117.76956487942172
42,28,87.49028046161467
65,2,98.3028687095546
53,43,92.65955042902063
79,-11,104.49020479889425
164,-3,149.78413934428104
53,-10,90.50495793126744
161,5,147.1854098347853
135,2,132.5371131648117
167,-10,152.29211725015617
125,19,127.31411619222854
153,-11,143.69637749138394
82,19,107.10027941954566
57,25,94.30150446809459
97,33,112.2845187880827
169,-2,151.68277272097177
80,17,105.20391051590279
57,12,93.57656541661417
129,26,127.63004820001142
62,-5,96.11962940937212
122,4,126.33927724988727
52,0,90.50495793126744
28,12,77.77309992908887
62,18,96.66950836339336
127,25,126.66406303912835
35,-5,81.00226018070124
66,25,98.3028687095546
162,16,145.21202114255098
136,44,130.58353764742142
75,4,103.5784818059808
117,23,123.03487963658802
66,26,99.76590061812897
45,-15,86.57568803065382
124,18,126.97601519898961
53,14,92.65955042902063
46,33,90.29987824782884
87,-18,108.67253502131938
84,39,107.82976510640299
139,2,135.13925352269493
102,41,116.02610532644093
46,-11,87.95801122807941
89,31,109.17139404972332
52,42,92.65955042902063
175,0,155.87316934698893
140,-9,136.10939865425908
105,33,117.76464059465721
141,-1,136.4726822430114
32,30,136.4726822430114
64,-13,136.4726822430114
98,22,113.72503002829328
143,36,134.52042799289038
79,-15,104.01346184705426
38,-2,82.64329271653766
39,8,83.7830822335864
40,22,84.96249118113693
117,33,120.99666365464697
148,29,136.4726822430114
74,32,102.55578359163094
126,34,125.74455976170104
59,5,95.2133563713732
84,58,105.33737047417715
97,56,111.24685595985098
89,49,108.18982964251934
64,7,98.02283291638244
99,33,113.38545209510399
121,34,123.71815894791006
121,-12,125.39771454800245
86,47,108.2525289184227
46,4,87.74185801835823
123,25,124.9938444740189
125,-11,127.63934191923454
97,42,113.41082391898955
47,-2,88.20385040645222
47,0,88.66533059662366
82,-14,105.94463543505994
135,-6,132.88395837851027
120,37,124.08793773723559
115,47,121.69367660108473
45,-14,86.54454188972235
147,33,136.88308726092163
5,-4,68.4786756612443
70,-4,100.94368760312831
125,50,124.69270398172726
38,-14,81.94501703184349
55,-3,92.34069801531142
30,-14,81.94501703184349
137,15,133.2118114706657
96,-9,113.47345247154975
143,30,135.24679328992474
175,-5,156.1647293826678
126,50,126.97601519898961
138,22,133.28782845249387
91,50,111.40741723677735
113,0,122.81863425578028
31,-19,78.9456275522721
61,-12,95.68875799776939
71,26,101.42435043184145
74,48,101.71547547355178
142,4,135.6095627171126
104,-15,117.19355934427735
164,7,149.5897620712911
81,0,106.2446687761224
127,-18,128.68764679404023
168,-6,153.8131801383223
113,10,122.38490161099121
126,31,127.38776436249101
106,49,117.69918538002902
22,0,74.97038115047395
110,-11,120.396069384869
57,34,95.39581453123931
38,-5,82.6291298340724
48,33,88.91459593301516
99,52,111.5595328281785
91,46,108.91981649297978
82,-11,105.38566995422777
117,8,105.94463543505994
89,-8,109.75575604111742
158,-4,146.56202529448052
120,28,124.69270398172726
56,25,94.75810225395973
119,19,123.98262509965082
86,-16,107.94871296616657
39,-2,82.39171515979413
53,23,91.21958270980204
67,3,98.86789752746208
9,-5,68.03825683942537
12,-5,68.80050672257315
95,45,110.16188892046549
105,28,115.69896463577734
46,1,87.98793850637789
110,9,119.76893493932135
118,-1,124.01282249036589
10,-4,123.76124493362232
152,9,142.358518305975
24,5,75.41462114223869
125,-10,127.95723542221756
79,-5,104.35426979753682
166,1,150.87741010517107
140,-8,150.57212696992232
55,46,94.31989415365061
154,-3,142.8925774880926
148,-3,139.29040584976272
44,-17,84.7286779630589
70,20,100.65616557566292
119,43,122.10131650871223
86,-19,108.00095136167917
20,-15,nan
120,-5,126.33927724988727
86,6,108.80647934782202
91,57,109.22854355636323
130,36,127.62064774406409
72,46,102.4499965078066
81,9,107.27426863041288
81,22,106.84870186280213
135,-9,135.28146906201766
64,4,133.28782845249387
46,-3,86.56499669784478
146,33,136.2623165783723
37,24,84.7109136243934
154,20,84.7109136243934
59,1,94.5065246972162
125,19,126.6492118783637
62,35,97.77125535963891
123,-12,126.72443764224607
161,2,147.65683957858394
101,38,115.13751788167659
62,37,97.57338302269731
53,2,91.7381844182205
142,7,135.49837084666828
52,48,91.93784672489014
133,35,128.28450807840397
128,46,126.33927724988727
84,45,107.52584618715643
168,-7,149.0531293701495
76,-17,102.26532021464968
139,35,132.86334231925662
40,-10,82.17984796605737
140,33,133.53940600923738
89,54,110.3155121889413
20,-12,74.5148063695473
60,43,94.1124476094807
108,-10,119.49902747991642
100,2,115.38909543842013
91,45,110.2089207314998
52,36,109.95734317475628
96,51,111.24685595985098
113,-15,120.44624568960708
137,16,121.8089906835013
124,50,132.63238082176676
26,26,80.07782252006051
153,-12,79.83013155976617
60,0,94.5065246972162
113,35,119.82146543627154
72,13,101.96705303029533
112,52,118.02114243616525
172,-7,154.54918067653216
94,19,112.44103992797561
103,31,115.7745277696974
144,1,136.9131845877424
92,33,110.99527840310745
70,-13,100.118631421072
113,33,119.69629980711692
82,24,107.10027941954566
164,16,147.1854098347853
122,15,125.66990816399966
67,13,99.67507681672814
173,1,154.80075823327573
105,11,117.1263772813499
39,9,84.26662524162813
32,20,81.49640944442794
66,25,98.58455660475607
38,29,84.96249118113693
103,45,113.95380688082183
74,22,102.40850357952381
90,0,110.2089207314998
132,-7,130.91260273919218
160,13,144.9851981805691
57,-3,93.11862934101757
117,-1,123.79110008861616
126,0,127.94971283583487
80,15,105.63724751097132
66,-17,96.39371627655824
89,23,109.48012111310678
111,35,118.60627694709281
2,-1,68.7673498651273
155,5,143.5419317708375
16,-14,71.23743043368438
76,26,102.88959744308791
102,34,114.99131871241877
165,8,148.11978400604727
20,-15,71.96270168756823
130,14,129.59781103004352
40,4,84.96249118113693
63,-9,96.59398292237766
38,-11,82.41901497563353
114,45,119.37270457189273
49,49,91.93784672489014
128,0,129.26662524162813
53,48,92.46273652915282
149,-15,140.4483794518248
57,33,94.75810225395973
79,27,94.30150446809459
113,-11,122.49524593322761
154,15,142.1143301003458
29,25,80.32940007680405
37,2,82.61786665758821
122,39,123.68647190043234
104,-15,117.82936902272056
52,6,90.81291602492217
96,-2,113.00642053331616
96,42,112.2845187880827
151,9,139.80580897025638
76,11,104.01346184705426
54,4,92.65955042902063
80,44,103.87370268548521
143,28,133.53940600923738
70,5,101.09829399986964
74,-14,102.11694354384497
115,-10,123.03487963658802
116,20,123.03487963658802
83,-17,105.63724751097132
18,2,nan
40,35,84.49859069292634
112,-4,120.71966523428394
158,-17,144.17693900285147
122,38,124.9938444740189
32,0,79.8679198866326
45,32,87.5238471822951
75,10,102.40850357952381
69,43,99.76590061812897
92,-10,111.03777545609026
143,34,134.19373518927716
138,4,133.53940600923738
101,-14,115.85911680456495
101,59,114.44014527127247
138,24,131.57038556622834
72,43,101.67592798858497
43,15,87.49763514199635
82,11,107.10027941954566
122,31,124.33951529397912
133,-1,130.97870521893654
106,45,117.0575054831319
22,7,74.76638392629083
79,54,103.14117499983146
119,-12,124.9938444740189
150,12,139.48350487135488
134,-11,132.21067159161578
158,-3,145.8406329985371
95,52,112.69261748471915
114,-18,121.69367660108473
134,25,130.25438564126793
151,-12,142.1143301003458
102,-1,116.34587490579656
169,-4,153.3293399673535
137,-19,133.491028458712
106,2,118.09224296501534
118,49,121.65016322233467
75,-12,101.96705303029533
101,7,115.45559581435054
100,4,115.13751788167659
133,29,129.26662524162813
129,-7,129.34244857572898
137,19,132.86334231925662
131,16,129.34433014873127
70,38,100.78751743063165
57,32,95.41563796222414
118,19,123.03487963658802
155,9,141.8667850677088
86,25,108.61230184400745
5,1,68.35501855304105
157,0,144.808220454963
53,9,91.93784672489014
57,46,93.76686655696544
52,39,91.6862691681466
140,-1,134.19373518927716
37,30,83.57075930211934
57,42,93.59203774417826
79,-6,104.7873023669304
35,0,81.46509867192442
70,20,99.80066770461619
133,21,129.92140564389584
120,10,124.33951529397912
133,-15,131.3056577275231
164,8,148.4916231838166
37,9,82.61786665758821
112,13,120.46808767754038
132,19,129.26662524162813
86,3,108.49753358223171
50,47,91.47797368920185
93,12,111.62172553797257
80,4,105.38566995422777
25,-6,74.97038115047395
133,27,129.59590770547481
28,27,nan
49,-16,88.87466211585699
39,14,84.96249118113693
120,-4,125.39771454800245
74,17,103.76188429031072
133,6,130.91260273919218
167,-4,152.5947463096885
168,-12,152.46521575527635
142,11,136.1483488722651
111,49,120.44624568960708
87,12,110.37325579118526
149,-11,141.72487168163303
92,-7,111.75738045137047
94,42,111.29223946496035
83,27,107.87514861151233
77,0,104.65123085938968
119,-16,125.389295856227
35,-7,80.11533997520644
151,25,140.23481346660674
89,56,110.37325579118526
85,26,109.48012111310678
